{
  "version": 1,
  "author": "Anitha S",
  "editor": "wokwi",
  "parts": [
    { "type": "wokwi-esp32-devkit-v1", "id": "esp", "top": 29.22, "left": -122.41, "attrs": {} },
    { "type": "wokwi-led", "id": "led1", "top": 6, "left": 156.54, "attrs": { "color": "red" } },
    { "type": "wokwi-hc-sr04", "id": "ultrasonic1", "top": 212.45, "left": 205.56, "attrs": {} },
    {
      "type": "wokwi-led",
      "id": "led2",
      "top": 55.53,
      "left": 225.26,
      "attrs": { "color": "red" }
    },
    {
      "type": "wokwi-led",
      "id": "led3",
      "top": 93.18,
      "left": 184.81,
      "attrs": { "color": "red" }
    },
    {
      "type": "wokwi-buzzer",
      "id": "bz1",
      "top": -8.2,
      "left": -315.1,
      "attrs": { "volume": "0.1" }
    },
    {
      "type": "wokwi-photoresistor-sensor",
      "id": "ldr1",
      "top": -114.63,
      "left": -105.5,
      "attrs": {}
    }
  ],
  "connections": [
    [ "esp:TX0", "$serialMonitor:RX", "", [] ],
    [ "esp:RX0", "$serialMonitor:TX", "", [] ],
    [
      "ldr1:AO",
      "esp:VP",
      "green",
      [ "h14.35", "v127.73", "h0", "v0", "h-1.39", "v4.18", "h2.79" ]
    ],
    [ "bz1:2", "esp:D21", "green", [ "v0" ] ],
    [ "bz1:1", "esp:D26", "green", [ "v58.11", "h152.78" ] ],
    [
      "esp:D33",
      "esp:D12",
      "green",
      [
        "h-51.39",
        "v156.88",
        "h466.06",
        "v11.16",
        "h1.39",
        "v0",
        "h-4.18",
        "v-337.51",
        "h202.23",
        "v39.05",
        "h-708.5",
        "v277.54",
        "h-64.16",
        "v0",
        "h0",
        "v0",
        "h0",
        "v0",
        "h0"
      ]
    ],
    [ "led1:A", "esp:TX2", "green", [ "v84.52", "h-206.45" ] ],
    [ "led2:A", "esp:RX2", "green", [ "v60.09", "h-257.04" ] ],
    [ "led2:C", "esp:D4", "green", [ "v55.91", "h-269.36", "v-6.97", "h0" ] ],
    [ "led1:C", "esp:D15", "green", [ "v126.36", "h0.2", "v0", "h-200.83", "v-13.95" ] ],
    [ "led3:A", "esp:3V3", "green", [ "v67.7", "h-54.67" ] ],
    [ "led3:C", "esp:GND.1", "green", [ "v55.55", "h-213", "v-1.74" ] ],
    [ "ultrasonic1:GND", "esp:D27", "black", [ "v-1.68", "h-184.69" ] ],
    [ "ldr1:VCC", "esp:D25", "red", [ "h-182.08", "v167.89" ] ]
  ],
  "dependencies": {}
}